CODICE,COMUNE,x,y,z,INFO,PROVINCIA,STRAT.,FALDA,SETTORE
150050010,ALBAIRATE,1495936,5028883,123.16,C.na Faustina PRIV.,MI - Par.,,1,15
150070002,ARCONATE,1488407,5043208,153.87,via Turati,MI,,,10
150090004,ARESE,1504650,5045148,149.23,C.na Valera II,,,,
150090032,ARESE,1506861,5042594,152.19,Industrie,,,,
150090035,ARESE,1505759,5044226,166,Platani,,,,
150110002,ASSAGO,1509950,5028450,103.25,via Roma II - serb.,,,,
150110058,ASSAGO,1510350,5028205,107.8,Dalla Chiesa,,,,
150110059,ASSAGO,1510350,5028205,107.8,v.Dalla Chiesa piez,,,,
150130002,BARLASSINA,1510160,5055880,179.91,p.za Cavour,,,,
150140004,BASIANO,1536076,5047733,170.91,Serbatoio,,,,
150150001,BASIGLIO,1512870,5021820,96.7,p.za M.Rossi-Chiesa,MI - Città,X,1,19
150150005,BASIGLIO,1512090,5023725,100,Vivaldi,MI - Città,X,3,19
150170002,BELLUSCO,1532607,5051591,181.17,p.za Fumagalli,,,,
180140001,BEREGUARDO,1501810,5011415,94.3,via Negri,,,,
150180001,BERNAREGGIO,1531802,5054950,196.68,p.za Repubblica,,,,
150190001,BERNATE TICINO,1486570,5037860,139.53,v.Pellico-Casate,MI - Par.,X,1,15
980020002,BERTONICO,1552858,5009264,46.44,via Garibaldi,LO,X,2,24
150240004,BINASCO,1507371,5020189,99.98,Binaschino,,,,
150270003,BOLLATE,1510995,5045425,134.04,C.na Nuova-Caracciolo,,,,
150270001,BOLLATE,1509260,5043610,130.18,via A.da Bollate-serb.,,,,
980040007,BORGHETTO,1539108,5004665,53,LODIGIANO Casoni 3,,,,
150320001,BRESSO,1515240,5041885,115.86,via Don Vercesi,,,,
150340123,BRUGHERIO,1523293,5042878,139,FEM V. Volano,,,,
150340005,BRUGHERIO,1524850,5044860,128.39,v.S.Francesco,,,,
150350003,BUBBIANO,1501102,5019562,104.19,v. Noè,MI - Par.,X,3,19
150360006,BUCCINASCO,1507897,5028482,106.76,Rovido,,,,
150360002,BUCCINASCO,1508477,5029887,107.39,v. Lario,MI - Par.,X,2,19
150420002,CALVIGNASCO,1501581,5019920,104.25,Municipio,,,,
980070001,CAMAIRAGO,1556980,5006056,47.85,via 4 Novembre,,,,
150480015,CARATE BRIANZA,1517795,5058469,212.95,Villa-via all'Isola,,,,
150490001,CARNATE,1529550,5055100,191.03,via Pace - serb.,,,,
150490021,CARNATE,1529290,5054175,215.23,Grandi nuovo,,,,
150490019,CARNATE,1529290,5054175,215.23,Grandi x Usmate,,,,
150500002,CARPIANO DELLE ARTI,1521237,5020702,92.16,,,,,
150510004,CARUGATE,1527899,5044408,124.9,C.na Valera,,,,
980100003,CASALPUSTERLENGO,1550786,5003618,54.95,via Cadorna,,,,
980110001,CASELLE LANDI,1562239,4994652,45.34,via Roma I,,,,
150590001,CASSANO D'ADDA,1540400,5041280,112.69,Muzza I-5 Martiri,MI - Città,,1,18
150610001,CASSINETTA DI LUGAGNANO,1493070,5030100,122,via Pace-serb.,,,,
980130001,CASTELNUOVO BOCCA D'ADDA,1568202,4995450,36.1,via Cairoli serb.,,,,
980150003,CASTIRAGA VIDARDO,1530789,5012188,67.95,C.na Pollarana,,,,
980170003,CAVENAGO D'ADDA,1547241,5014694,70.73,v.Valsecchi serb.,LO,X,1,21
980170064,CAVENAGO D'ADDA,1544810,5014760,73,Soltarico,LO,,,21
150680002,CAVENAGO BRIANZA,1532390,5048020,142.43,p.za Libertà - serb.,,,,
150700004,CERNUSCO SUL NAVIGLIO,1526360,5041939,119.57,v. Verdi,,,,
980180001,CERVIGNANO D'ADDA,1533303,5024632,81.68,p.za Caduti,LO,X,1,21
150740007,CESANO BOSCONE,1507180,5032490,120.48,v.Picozzi,,,,
150760001,CESATE,1505534,5048445,159.88,Vill.INA,,,,
150760010,CESATE,1505534,5048445,161.53,Vill.INA p spia,,,,
150760003,CESATE,1506301,5049212,160.2,v.Caravaggio-serb,,,,
150770004,CINISELLO BALSAMO,1517130,5043632,120.1,via Canzio I,,,,
150770018,CINISELLO BALSAMO,1517120,5045500,125.75,via Paisiello,,,,
150770073,CINISELLO BALSAMO,1517875,5045125,128.85,via Petrella,MI - MONZA,,,13
150770022,CINISELLO BALSAMO,1519400,5044677,150,Galilei,,,,
150770023,CINISELLO BALSAMO,1519400,5044677,150,Galilei,MI - MONZA,X,3,13
150770006,CINISELLO BALSAMO,1518408,5044351,150.04,v.Matteotti,,,,
150780002,CISLIANO,1499356,5032255,124.78,v.Vitt.Veneto-serb.,,,,
150810004,COLOGNO MONZESE,1521480,5042960,119.53,v.Levi-Lombardia,,,,
150810069,COLOGNO MONZESE,1522264,5042813,138.53,v.Paganini,,,,
980200001,COMAZZO,1536534,5032132,93.02,p.za Caduti,LO,X,2,21
150840002,CONCOREZZO,1525400,5046340,137.97,S.P.13 Malcantone,MI,,,9
150840024,CONCOREZZO,1526728,5049528,,v.Pascoli,,,,
150850004,CORBETTA,1494180,5034180,132.09,v.Veneto x Batuello,MI - Par.,X,1,15
150850002,CORBETTA,1493533,5035152,139.86,v.Oberdan,,,,
150860002,CORMANO,1512580,5043085,121.54,via Somalia,,,,
150870001,CORNAREDO,1501530,5037775,136.84,Campo Sportivo I,MI - Par.,,1,16
150870003,CORNAREDO,1501081,5036901,134.57,v.Marconi,,,,
980230001,CORNOVECCHIO,1562792,5056473,40.29,Municipio,,,,
150920001,CORREZZANA,1523496,5056835,214.84,via S.Francesco,,,,
150920003,CORREZZANA,1523723,5056321,247.15,v.Fermi,MI - MONZA,X,3,4
150960014,CUGGIONO,1485070,5040190,147.96,via Somma-Zucchi,,,,
150970003,CUSAGO,1502660,5033450,127.1,v.Cervi fino a 5/99 p.1,MI - Par.,X,3,16
150980004,CUSANO MILANINO,1513764,5043930,159.29,p.Italia,,,,
150980028,CUSANO MILANINO,1514126,5044416,152.11,v.Pedretti,,,,
151000003,DESIO,1516295,5051936,146.19,via Torricelli,MI - MONZA,X,1,8
980260002,FOMBIO,1554292,4998880,42.26,via Giovanni XXIII,LO,X,2,24
151050002,GARBAGNATE,1505950,5046890,153.19,v.Varese I-scuole,,,,
180700001,GENZONE,1527575,5002880,72.5,via Cairoli,,,,
151060008,GESSATE,1534449,5044895,128.3,p.za Aturia,MI-Città,,1,14
180720001,GIUSSAGO,1511200,5014410,91.2,v.25 aprile-scuola,,,,
151080002,GORGONZOLA,1532076,5042266,121.42,v. Manzoni,,,,
980280001,GRAFFIGNANA,1535471,5006700,64.27,via Milano - serb.,LO,X,2,23
151100001,GREZZAGO,1538450,5048995,138.31,via Roma-serb.,,,,
151120002,GUDO VISCONTI,1499888,5024427,110.35,v.Montegrappa,,,,
151150001,LACCHIARELLA,1510746,5019039,92.74,v.Trento,,,,
151160009,LAINATE,1502320,5047210,180,Caronasca,,,,
151160008,LAINATE,1502330,5047200,180,Caronasca,MI - Par.,X,2,11
180780001,LANDRIANO,1520470,5017665,85.5,p.za Marconi,,,,
151170003,LAZZATE,1506590,5058730,188.9,v.S.Lorenzo-serb.,,,,
151170001,LAZZATE,1506710,5057630,185.21,Chiesa,,,,
151190001,LENTATE,1509520,5058340,192.31,via S.Vito-Chiesa,,,,
151250001,LOCATE TRIULZI,1517340,5022650,89.62,p.Gramsci,MI - Città,X,2,20
151250004,LOCATE TRIULZI,1517730,5022245,94.7,v.Nenni,,,,
980320002,LODIVECCHIO,1532570,5016525,74.23,via Cabrini-serb.,LO,X,2,21
980330001,MACCASTORNA,1567299,4999597,38.85,via Roma,LO,X,2,24
151300021,MAGENTA,1489910,5035170,134.21,via Piemonte-Nova C.,,,,
980350002,MALEO,1560100,5001920,44.76,p.za 25 Aprile,LO,X,1,24
151340001,MARCALLO CON CASONE,1490207,5037106,139.53,via dell'Acquedotto,,,,
151340046,MARCALLO CON CASONE,1490290,5037075,138.34,via Clerici 4/5/6,,,,
151340004,MARCALLO CON CASONE,1490290,5037075,137.44,via Clerici 4/5/6,MI - Par.,X,3,10
codice_mancante_1,MASATE,1537385,5045310,150,v.Bergamasca,,,,
151360003,MEDIGLIA,1526600,5028740,92.04,v.Stephenson,,,,
151390001,MEZZAGO,1534749,5052944,177.99,via Unione,MI - Città,X,2,18
151450001,MILANO,1518330,5029870,105,AMSA via Dionigi,MI,,,9
151460000,MILANO,1518330,5029870,105,AMSA via Dionigi,,,,
D151460000,MIRADOLO TERME,1535650,5001980,71.5,via Baratti,,,,
180930002,MONTANASO LOMBARDO,1535877,5019968,71.24,Comune,,,,
980400001,MONZA,1522947,5051402,166.86,Parco-Golf Club,,,,
151490142,MONZA,1521145,5046503,130.47,Garbagnati via Val d'Ossola,,,,
151500013,MORIMONDO,1497395,5018890,106.5,C.na Fallavecchia,MI - Par.,,2,19
151520030,MUGGIÒ,1517175,5045310,135.46,pozzo Impianto Pilota,,,,
980410001,MULAZZANO,1531414,5024506,84.74,via Lago Maggiore,,,,
151540003,NERVIANO,1498550,5044810,154.6,via Chinotto-serb.II,,,,
151540064,NERVIANO,,,,Cantone 64,,,,
151540065,NERVIANO,1498320,5043055,166,Cantone 65,MI - Par.,X,3,11
151540066,NERVIANO,,,,Cantone piez,,,,
151540007,NERVIANO PASUBIO,1497539,5044446,174.58,sopra,,,,
D151540007,NERVIANO PASUBIO,1497539,5044446,174.58,sotto,,,,
151560024,NOVA MILANESE,1514995,5048680,138.04,via Grandi,,,,
151570002,NOVATE MILANESE,1510867,5042285,121.6,via Manzoni-serb.II,,,,
151590004,OPERA,1516913,5027004,93.62,Mirasole,,,,
980420003,ORIO LITTA,1543820,5000952,51.5,via Pio Rossi,LO,X,1,24
151640003,OSSONA,1492289,5039131,146.23,via 25 Aprile-Marconi,,,,
151650025,OZZERO,1494215,5023750,107.5,v.25 Aprile-Faraon,MI,,,19
151660003,PADERNO DUGNANO,1512878,5046812,133.78,via S.M.del Carso,,,,
151660007,PADERNO DUGNANO,1514450,5046495,131.61,Calderara,,,,
151660019,PADERNO DUGNANO,1513210,5047990,172,v.Galli,,,,
151670001,PANTIGLIATE,1527170,5032050,97.39,v.D'Annunzio,MI - Città,,2,18
181100101,PAVIA,1508425,5007685,85.3,C.na Montebello,,,,
151700005,PERO,1506621,5039129,139.87,Bergamina,,,,
151710024,PESCHIERA BORROMEO,1522950,5032800,102.2,Depuratore,,,,
151710197,PESCHIERA BORROMEO,1522946,5032854,105.61,FEM Mezzate,MI - Città,,1,17
980450001,PIEVE FISSIRAGA,1535548,5013741,72.89,C.na S.Antonio,,,,
181140002,PIEVE PORTO MORONE,1534790,4995405,54.7,via Repubblica,,,,
151750289,PIOLTELLO,1525025,5036125,112.5,FEM Limito,,,,
151750006,PIOLTELLO,1525252,5038044,109.3,via Pisa,,,,
151750008,PIOTELLO,1525340,5039735,126.16,S.Francesco,,,,
151750291+C132,PIOTELLO,1525340,5039735,126.16,S.Francesco piez.,,,,
151760002,POGLIANO MILANESE,1499485,5042120,162.5,Garibaldi,,,,
151790040,PREGNANA MILANESE,1499516,5042096,143.48,via Gallarate,,,,
151790005,PREGNANA MILANESE,1499516,5042096,140.68,via Gallarate,,,,
151810001,RESCALDINA,1496200,5051450,180.25,via Melzi-Comune I,MI - Par.,X,1,6
151820106,RHO,1503760,5039860,138.59,Alumix spa via S.Martino,MI - Par.,,1,11
151830028,ROBECCHETTO CON INDUNO,1482745,5041027,144.3,via Don Pozzi,,,,
151840023,ROBECCO SUL NAVIGLIO,1488730,5030170,107.78,C.na Visconta,,,,
151850001,RODANO,1528061,5035495,103.16,via S.Pellico,,,,
151850004,RODANO,1528135,5035520,110.5,via S.Pellico,MI - Città,X,3,17
151860001,RONCELLO,1535790,5049790,158.39,S.Ambrogio-serb.,MI - MONZA,X,2,9
151870001,RONCO BRIANTINO,1531348,5057132,210.11,via Mandelli-serb.,,,,
151880001,ROSATE,1501271,5021782,105.59,p.za Vitt.Veneto,,,,
151890001,ROZZANO,1511429,5024772,103.4,via Matteotti,,,,
980500005,SANT'ANGELO LODIGIANO,1532041,5007048,68.25,fraz.Ranera,LO,X,1,23
151910009,SAN COLOMBANO AL LAMBRO,1539965,5001295,55.45,Mostiola,,,,
181390002,SANTA CRISTINA E BISSONE,1531095,5000710,70,via Milano,,,,
151920005,SAN DONATO,1520822,5030727,103.19,v.A.Moro,,,,
151950007,SAN GIULIANO,1519358,5026813,95.41,Maroncelli,,,,
151950012,SAN GIULIANO,1520795,5027435,99,v. Liberazione,,,,
151950015,SAN GIULIANO,1523855,5025495,93.5,v.Tolstoy,,,,
980480003,SAN MARTINO IN STRADA,1541478,5013387,70.16,via F.Aporti-serb.,,,,
980490001,SAN ROCCO AL PORTO,1554770,4992220,43.59,via Acquedotto,LO,X,1,24
152040003,SEDRIANO,1497800,5037160,138.03,via Fagnani,MI,,,16
152050140,SEGRATE,1523055,5035090,111,Idroscalo,MI - Città,X,2,17
152050007,SEGRATE,1521059,5038729,121.76,Milano 2,,,,
152060004,SENAGO,1510324,5047248,169.78,v. Adda,MI - Par.,X,2,12
980530003,SENNA,1546645,4999934,47.89,LODIGIANA via Acquedotto,,,,
152090017,SESTO SAN GIOVANNI,1517310,5042250,116.29,via Baracca,,,,
152090021,SESTO SAN GIOVANNI,1519104,5042802,117.19,via Italia,,,,
152090016,SESTO SAN GIOVANNI,1520400,5044400,121.98,via Tevere,MI - MONZA,,,13
152090014,SESTO SAN GIOVANNI,1517917,5041639,114.37,via Marelli,,,,
152100004,SETTALA,1530910,5030970,98.6,depuratore,MI - Città,X,1,17
152110005,SETTIMO MILANESE,1505114,5036454,132.82,v.Fermi,MI - Par.,,2,16
152130001,SOLARO,1505849,5051473,211.36,v. Drizza,,,,
152130021,SOLARO,1506695,5051430,208,v. S.Paolo,MI - Par.,X,3,7
152160005,SOVICO,1520190,5054875,174.26,Beta spa-via Volta,,,,
181520001,SPESSA,1527070,4997630,68.5,via delle Betulle,,,,
152170007,SULBIATE,1533555,5053640,230.2,04-nov,,,,
152200001,TREZZANO SUL NAVIGLIO,1504740,5029600,113.21,via Edison,,,,
152210001,TREZZO SULL'ADDA,1540543,5051091,141.68,via Visconti,MI - Par.,X,1,19
152220001,TRIBIANO,1528826,5027968,94.78,Puccini,,,,
152230007,TRIUGGIO,1521240,5055620,181.37,via Kennedy,,,,
980580002,TURANO LODIGIANO,1548759,5010831,59.95,via 25 Aprile,,,,
980590001,VALERA FRATTA,1526403,5011526,72.35,serb.scuola materna,,,,
181690010,VALLE SALIMBENE,1517310,5000450,64.1,C.na Moncucca,,,,
152490002,VANZAGHELLO,1483170,5047350,164.42,via Roma II,,,,
152490004,VANZAGHELLO,1482365,5046720,191.5,C.La Fogna,,,,
152490020,VANZAGHELLO,1482365,5046720,191.5,C.La Fogna piez,,,,
152300003,VAPRIO D'ADDA,1540700,5046980,129.08,via Pozzo-serb.,,,,
152340016,VERANO BRIANZA,1518620,5059065,183.11,via Sabbionette,,,,
152350001,VERMEZZO,1498622,5026499,113.52,via Dante,MI - Par.,X,2,19
152360003,VERNATE,1506074,5019418,100.79,Pasturago,MI - Città,X,2,17
181800003,VILLANTERIO,1526970,5009965,77,fraz.Bolognola,,,,
152410041,VIMERCATE,1528045,5053045,180.79,IBM pozzo E,MI - MONZA,,,9
152420041,VIMODRONE,1521660,5039578,114.2,FEM v.La Torre,,,,
PO1200200800T0,ALBIZZATE,1485030,5065340,317.9,via G. Rossa 8 ,VA,X,SUPERF.,1
7-S2,APPIANO GENTILE,1498475,5064290,352,Via Mazzini  Comune,CO,,2,2
12,BELGIOIOSO,1523740,5000800,75.8,via Dante  5,PV,X,1,22
28,BEREGUARDO,1502530,5011330,98,Via S. Antonino  4,PV,,,22
13(19),BINAGO,1492848,5069930,373,via delle Acacie  Comune   pozzo Acacie 3,CO,X,2,2
7-S19,BORNASCO,1517200,5012745,82,presso Municipio  1,PV,X,1,19
7-S20,BORNASCO,1517200,5012745,82,presso Municipio  1,PV,X,1,20
7(9),BREGNANO,1503775,5061925,285,loc. Puginate  Cons. Lura Ambiente   pozzo 6,CO,X,2,2
11(15),BRENNA,1514972,5064371,342,Loc. Pozzolo  Soc. Pragma Spa   pozzo 3,CO,X,2,2
6(8),BULGAROGRASSO,1500420,5065600,327,via Montichiari  Az. Colline Comasche pozzo 1,CO,X,2,2
PO1202602103T0,BUSTO ARSIZIO,1486405,5048283,210.5,ZONA INDUSTRIALE ,VA,,,5
12(17),CABIATE,1514195,5057470,237,via Buozzi  S.E.T. srl   pozzo 1,CO,X,2,3
10 (14),CANTÙ,1509350,5065650,305,Cascna S.Antonino  Canturina Servizi spa   pozzo S. Antonino,CO,X,2,3
13,CANTÙ,,,260,Asnago  p. Asnago 4  Canturina Servizi spa,CO,,,3
15 (22),CAPIAGO INTIMIANO,1510495,5068940,420,Via Roma Az.Colline Com. pozzo Guastone 1,CO,X,2,3
1,CARBONATE,,,186,via Giovanni XXIII Acqua Serpio spa,CO,,,2
9(12),CARIMATE,1508600,5060822,244,Valle Serenza  Canturina Servizi spa   pozzo 2,CO,x,2,3
154900021,CARNATE,1529290,5054175,215.226,Grandi nuovo  CAP,MI - MONZA,X,2,4
154900019,CARNATE,1529290,5054175,215.226,Grandi x Usmate  CAP,MI - MONZA,X,3,4
PO1203600300T0,CASALE LITTA,1479360,5065190,280.72,Firello - Villa Dosia ,VA,X,SUPERF. (acquifero locale),1
PI097016101,CASATENOVO,1524964,5058591,294.1,MAGGIONI (EX PIRROTTA) ,LC,X,2,4
18(2bis),CERMENATE,1506475,5061530,305,via Petrarca  Cons. Lura ambiente   pozzo 2,CO,X,2,2
11,CERMENATE,1505880,5060468,285,Via I Maggio  Consorzio Lura Ambiente spa,CO,,,2
PC097020003,CERNUSCO LOMBARDONE,1530522,5059523,248,VILLA ,LC,X,2,4
6,CURA,1520475,5007050,71.4,Borghetto  1,PV,X,2,22
4(6),FENEGRÒ,1500090,5061970,305,Via Trento  Antiga Spa   pozzo 2,CO,X,2,2
4 bis,FIGINO SERENZA,1510815,5061625,300,Loc Campaccio  soc. Pragma spa,CO,,,3
8(10),FINO MORNASCO,1504625,5065990,299,Cascina Pazzea  Az.Colline Comasche   pozzo 2,CO,X,2,2
PO1207000900T0,GALLARATE,1483140,5055620,235,via Alberone - via Ferrari ,VA,X,SUPERF. (acquifero locale),5
PO1207002201T0,GALLARATE,1482360,5058150,271,via Monte S. Martino ,VA,X,MISTA,5
10,GENZONE,1527575,5002880,72.7,Via cairoli  1,PV,,,23
PO1207502002T0,GERENZANO,1497940,5052150,220.65,Discarica - controllo ,VA,X,SUPERF.,6
8,GIUSSAGO,1511200,5014400,92,via Papa Giov. XXIII   2,PV,X,2,19
63,GIUSSAGO,,,86.7,Via F.lli Cervi  5,PV,,,19
PC097039001,IMBERSAGO,1535411,5060791,198,ROBBIATE1- via dei Mulini ,LC,X,2,4
PC097039003,IMBERSAGO,1534898,5062596,196,PONTICELLO- Strada Alzaia ,LC,X,2,4
18,INVERIGO,1517738,5065790,322,C.na Rocchina  Comune,CO,,,3
151140006,INZAGO,1536840,5041965,129,vill.Residenziale ,MI,,,14
30,LANDRIANO,1520920,5017805,86.8,Strada Cerca  4,PV,,,20
5,LIMIDO COMASCO,1498324,5059851,280,via Vicolo Scalini  Antiga Spa   pozzo 2,CO,X,2,2
PO1209000902T0,LONATE POZZOLO,1477670,5005023,207.4,via Molinelli - Bellaria ,VA,X,SUPERF.,5
PO1209000903T0,LONATE POZZOLO,1477670,5050230,207.45,via Molinelli - Bellaria ,VA,X,PROFONDA,5
16(23),LURAGO D'ERBA,1518210,5067545,320,Pioppete  Soc. Pragma Spa,CO,X,2,3
16,MARIANO COMENSE,1513175,5061640,289,Via per Novedrate  Pozzo 3   Pragma S.P.A,CO,,,3
5 bis,MARIANO COMENSE,1514310,5060568,255,Via S. D'Acquisto  Pragma S.P.A,CO,,,3
20-S3,MARIANO COMENSE,1514310,5060568,255,Via S. d'Acquisto Soc. Pragma S.P.A   Trotti Grande,CO,X,3,3
PC097048001,MERATE,1531012,5061302,266,REGONDINO ,LC,X,2,4
151460036,MILANO,1516872,5033973,115,nan  Acqued. Anfossi 16,MI - Città,,3,17
151460040,MILANO,1512512,5035801,123.7,nan  Acqued. C. Armi 4,MI - Città,,2,17
151460290,MILANO,1518933,5037571,121.5,nan  Acqued. C. Feltre 17,MI - Città,,2,17
151460413,MILANO,1519041,5033694,109.8,nan  Acqued. C. Ovidio 10,MI - Città,,2,17
151460477,MILANO,1512360,5041410,141.5,nan  Acqued. C. Salemi 8,MI - Città,,3,17
151461435,MILANO,1509933,5031679,114.2,nan  Fogn. PZ 20,MI - Città,,1,17
151461120,MILANO,1513631,5033934,117.74,nan  Fogn. PZ 40,MI - Città,,1,17
151461313,MILANO,1519749,5037968,119.3,nan  Fogn. PZ 43  ,MI - Città,,1,17
151461379,MILANO,1518799,5029419,103.4,nan  Fogn. PZ 54,MI - Città,,1,17
151461534,MILANO,1510149,5040199,138.83,nan  FOgn.PZ 4,MI - Città,,1,17
PI097049101,MISSAGLIA,1528143,5059731,274.5,BRIVIO ,LC,X,2,4
151490084,MONZA,1521014,5048849,174,pozzo Battisti 2  AGAM,MI - MONZA,,2,9
PO1210601101T0,MORNAGO,1480820,5064970,289.4,VINAGO ,VA,,,1
PO1210601504T0,MORNAGO,1481720,5065240,289.7,Montonate ,VA,X,SUPERF. (acquifero locale),1
1 (2),MOZZATE,1495999,5058550,262.6,via Libertà  Aqua Seprio spa   pozzo 4,CO,X,2,2
19(3bis),NOVEDRATE,1511046,5060448,282,Villaggio Veneto - 1  Comune   pozzo 3,CO,X,3,3
20-S2,OLGIATE COMASCO,1498015,5068805,398,via Repubblica  Comune,CO,,,2
14(21),OLTRONA DI SAN MAMETTE,1497860,5067095,373,Margè  Az. Colline Comasche,CO,X,2,2
PC097061011,OSNAGO,1530797,5057843,246,STATALE -via Statale ,LC,X,2,4
4-S22,PAVIA,1510910,5006400,82.6,Campeggi 1  40,PV,,,22
3(5),ROVELLASCA,1504185,5057342,247,via Dante  Cons. Lura Ambiente   pozzo 2,CO,X,MISTA,2
17(1bis),ROVELLO PORRO,1503100,5055090,235,via General Porro  Cons. Lura Ambiente   pozzo 3,CO,X,3,7
4-S7,ROVELLO PORRO,1503030,5056525,245,Via don Ballabio  Consorzio Lura Ambiente spa,CO,,,7
981900003,SALERANO,1530130,5015585,80.48,nan ,LO,,,21
PO1211800500T0,SAMARATE,1481085,5052910,223.7,via Mezzomonte - C. Costa ,VA,X,SUPERF.,5
PO1212000200T0,SESTO CALENDE,1471395,5064270,208.22,Abbazia S.P.S. Donato ,VA,X,PROFONDA (valle Ticino),1
62,SIZIANO,1515665,5017899,89.9,via I Maggio  2,PV,X,2,20
9,TORRE D'ARESE,1525160,5009820,77.4,via Morivione  1,PV,X,3,20
2(3),TURATE,1501039,5054988,240,C.I.E. n.2  Comune   pozzo 6,CO,X,2,6
PC15227001,USMATE VELATE,1527651,5056898,239.5,VALAPERTA1 ,LC,X,2,4
PC09788001,VERDERIO SUPERIORE,1533927,5057534,248,SAN CARLO - via San Carlo ,LC,X,2,4
152370002,VIGNATE,1529485,5038157,117.5,via Marconi  ,MI,,,18
